-- MySQL Script generated by MySQL Workbench
-- 10/17/18 16:33:55
-- Model: New Model    Version: 1.0
-- MySQL Workbench Forward Engineering

SET @OLD_UNIQUE_CHECKS=@@UNIQUE_CHECKS, UNIQUE_CHECKS=0;
SET @OLD_FOREIGN_KEY_CHECKS=@@FOREIGN_KEY_CHECKS, FOREIGN_KEY_CHECKS=0;
SET @OLD_SQL_MODE=@@SQL_MODE, SQL_MODE='TRADITIONAL,ALLOW_INVALID_DATES';

-- -----------------------------------------------------
-- Schema oshop
-- -----------------------------------------------------
USE ecom;
-- -----------------------------------------------------
-- Table `brand`
-- -----------------------------------------------------
DROP TABLE IF EXISTS `brand` ;

CREATE TABLE IF NOT EXISTS `brand` (
  `id` INT UNSIGNED NOT NULL AUTO_INCREMENT,
  `name` VARCHAR(45) NOT NULL COMMENT 'Le nom de la marque',
  `created_at` TIMESTAMP NOT NULL DEFAULT CURRENT_TIMESTAMP COMMENT 'La date de création de la marque',
  `updated_at` TIMESTAMP NULL COMMENT 'La date de la dernière mise à jour de la marque',
  PRIMARY KEY (`id`))
ENGINE = InnoDB;


-- -----------------------------------------------------
-- Table `category`
-- -----------------------------------------------------
DROP TABLE IF EXISTS `category` ;

CREATE TABLE IF NOT EXISTS `category` (
  `id` INT UNSIGNED NOT NULL AUTO_INCREMENT,
  `name` VARCHAR(64) NOT NULL COMMENT 'Le nom de la catégorie',
  `subtitle` VARCHAR(64) NULL,
  `picture` VARCHAR(128) NULL COMMENT 'L\'URL de l\'image de la catégorie (utilisée en home, par exemple)',
  `home_order` TINYINT(1) NOT NULL DEFAULT 0 COMMENT 'L\'ordre d\'affichage de la catégorie sur la home (0=pas affichée en home)',
  `created_at` TIMESTAMP NOT NULL DEFAULT CURRENT_TIMESTAMP COMMENT 'La date de création de la catégorie',
  `updated_at` TIMESTAMP NULL COMMENT 'La date de la dernière mise à jour de la catégorie',
  PRIMARY KEY (`id`))
ENGINE = InnoDB;


-- -----------------------------------------------------
-- Table `type`
-- -----------------------------------------------------
DROP TABLE IF EXISTS `type` ;

CREATE TABLE IF NOT EXISTS `type` (
  `id` INT UNSIGNED NOT NULL AUTO_INCREMENT,
  `name` VARCHAR(64) NOT NULL COMMENT 'Le nom du type',
  `created_at` TIMESTAMP NOT NULL DEFAULT CURRENT_TIMESTAMP COMMENT 'La date de création de la catégorie',
  `updated_at` TIMESTAMP NULL COMMENT 'La date de la dernière mise à jour de la catégorie',
  PRIMARY KEY (`id`))
ENGINE = InnoDB;


-- -----------------------------------------------------
-- Table `product`
-- -----------------------------------------------------
DROP TABLE IF EXISTS `product` ;

CREATE TABLE IF NOT EXISTS `product` (
  `id` INT UNSIGNED NOT NULL AUTO_INCREMENT,
  `name` VARCHAR(45) NOT NULL COMMENT 'Le nom du produit',
  `description` TEXT NULL COMMENT 'La description du produit',
  `picture` VARCHAR(128) NULL COMMENT 'L\'URL de l\'image du produit',
  `price` DECIMAL(10,2) NOT NULL DEFAULT 0 COMMENT 'Le prix du produit',
  `rate` TINYINT(1) NOT NULL DEFAULT 0 COMMENT 'L\'avis sur le produit, de 1 à 5',
  `status` TINYINT(1) NOT NULL DEFAULT 0 COMMENT 'Le statut du produit (0=non renseignée, 1=dispo, 2=pas dispo)',
  `created_at` TIMESTAMP NOT NULL DEFAULT CURRENT_TIMESTAMP COMMENT 'La date de création du produit',
  `updated_at` TIMESTAMP NULL COMMENT 'La date de la dernière mise à jour du produit',
  `brand_id` INT UNSIGNED NOT NULL,
  `category_id` INT UNSIGNED NULL,
  `type_id` INT UNSIGNED NOT NULL,
  PRIMARY KEY (`id`),
  INDEX `fk_product_brand_idx` (`brand_id` ASC),
  INDEX `fk_product_category1_idx` (`category_id` ASC),
  INDEX `fk_product_type1_idx` (`type_id` ASC))
ENGINE = InnoDB;


SET SQL_MODE=@OLD_SQL_MODE;
SET FOREIGN_KEY_CHECKS=@OLD_FOREIGN_KEY_CHECKS;
SET UNIQUE_CHECKS=@OLD_UNIQUE_CHECKS;

-- -----------------------------------------------------
-- Data for table `brand`
-- -----------------------------------------------------
START TRANSACTION;
INSERT INTO `brand` (`id`, `name`, `created_at`, `updated_at`) VALUES (1, 'FashionPro', '2024-12-11 9:00:00', NULL);
INSERT INTO `brand` (`id`, `name`, `created_at`, `updated_at`) VALUES (2, 'ChicMode', '2024-12-11 9:00:00', NULL);
INSERT INTO `brand` (`id`, `name`, `created_at`, `updated_at`) VALUES (3, 'UrbanWear', '2024-12-11 9:00:00', NULL);
INSERT INTO `brand` (`id`, `name`, `created_at`, `updated_at`) VALUES (4, 'StyleFit', '2024-12-11 9:00:00', NULL);
INSERT INTO `brand` (`id`, `name`, `created_at`, `updated_at`) VALUES (5, 'ElegantLine', '2024-12-11 9:00:00', NULL);

COMMIT;


-- -----------------------------------------------------
-- Data for table `category`
-- -----------------------------------------------------
START TRANSACTION;
INSERT INTO `category` (`id`, `name`, `subtitle`, `picture`, `home_order`, `created_at`, `updated_at`) VALUES (1, 'Homme', 'Vêtements et accessoires', 'assets/images/homme2.jpg', 1, '2024-12-11 8:00:00', NULL);
INSERT INTO `category` (`id`, `name`, `subtitle`, `picture`, `home_order`, `created_at`, `updated_at`) VALUES (2, 'Femme', 'Mode et élégance', 'assets/images/femme2.jpg', 2, '2024-12-11 8:00:00', NULL);
COMMIT;


-- -----------------------------------------------------
-- Data for table `type`
-- -----------------------------------------------------
START TRANSACTION;
INSERT INTO `type` (`id`, `name`, `created_at`, `updated_at`) VALUES (1, 'T-shirt', '2024-12-11 10:00:00', NULL);
INSERT INTO `type` (`id`, `name`, `created_at`, `updated_at`) VALUES (2, 'Pantalon', '2024-12-11 10:00:00', NULL);
INSERT INTO `type` (`id`, `name`, `created_at`, `updated_at`) VALUES (3, 'Veste', '2024-12-11 10:00:00', NULL);
INSERT INTO `type` (`id`, `name`, `created_at`, `updated_at`) VALUES (4, 'Robe', '2024-12-11 10:00:00', NULL);
INSERT INTO `type` (`id`, `name`, `created_at`, `updated_at`) VALUES (5, 'Pull', '2024-12-11 10:00:00', NULL);
INSERT INTO `type` (`id`, `name`, `created_at`, `updated_at`) VALUES (6, 'Jeans', '2024-12-11 10:00:00', NULL);

COMMIT;


-- -----------------------------------------------------
-- Data for table `product`
-- -----------------------------------------------------
-- -----------------------------------------------------
-- Data for table `product`
-- -----------------------------------------------------
START TRANSACTION;

-- Produits pour les hommes
INSERT INTO `product` (`id`, `name`, `description`, `picture`, `price`, `rate`, `status`, `created_at`, `updated_at`, `brand_id`, `category_id`, `type_id`) 
VALUES (1, 'T-shirt basique', 'T-shirt simple pour tous les jours', 'assets/images/manteau.webp', 25.00, 4, 1, '2024-12-11 10:30:00', NULL, 1, 1, 1);
INSERT INTO `product` (`id`, `name`, `description`, `picture`, `price`, `rate`, `status`, `created_at`, `updated_at`, `brand_id`, `category_id`, `type_id`) 
VALUES (2, 'Jeans Slim', 'Jeans slim fit pour homme', 'assets/images/manteau.webp', 45.00, 4, 1, '2024-12-11 10:30:00', NULL, 2, 1, 6);
INSERT INTO `product` (`id`, `name`, `description`, `picture`, `price`, `rate`, `status`, `created_at`, `updated_at`, `brand_id`, `category_id`, `type_id`) 
VALUES (3, 'Veste en cuir', 'Veste en cuir véritable', 'assets/images/manteau.webp', 120.00, 5, 1, '2024-12-11 10:30:00', NULL, 3, 1, 3);
INSERT INTO `product` (`id`, `name`, `description`, `picture`, `price`, `rate`, `status`, `created_at`, `updated_at`, `brand_id`, `category_id`, `type_id`) 
VALUES (7, 'Pantalon chino', 'Pantalon confortable et élégant', 'assets/images/manteau.webp', 50.00, 4, 1, '2024-12-11 11:00:00', NULL, 4, 1, 2);
INSERT INTO `product` (`id`, `name`, `description`, `picture`, `price`, `rate`, `status`, `created_at`, `updated_at`, `brand_id`, `category_id`, `type_id`) 
VALUES (8, 'Chemise casual', 'Chemise idéale pour les sorties décontractées', 'assets/images/manteau.webp', 40.00, 4, 1, '2024-12-11 11:10:00', NULL, 5, 1, 1);
INSERT INTO `product` (`id`, `name`, `description`, `picture`, `price`, `rate`, `status`, `created_at`, `updated_at`, `brand_id`, `category_id`, `type_id`) 
VALUES (9, 'Sweat zippé', 'Sweat avec fermeture éclair, style sportif', 'assets/images/manteau.webp', 55.00, 4, 1, '2024-12-11 11:15:00', NULL, 2, 1, 5);
INSERT INTO `product` (`id`, `name`, `description`, `picture`, `price`, `rate`, `status`, `created_at`, `updated_at`, `brand_id`, `category_id`, `type_id`) 
VALUES (10, 'Blazer', 'Blazer élégant pour les soirées', 'assets/images/manteau.webp', 85.00, 5, 1, '2024-12-11 11:20:00', NULL, 1, 1, 3);
INSERT INTO `product` (`id`, `name`, `description`, `picture`, `price`, `rate`, `status`, `created_at`, `updated_at`, `brand_id`, `category_id`, `type_id`) 
VALUES (11, 'Bermuda', 'Bermuda confortable pour l’été', 'assets/images/manteau.webp', 30.00, 4, 1, '2024-12-11 11:25:00', NULL, 3, 1, 2);

-- Produits pour les femmes
INSERT INTO `product` (`id`, `name`, `description`, `picture`, `price`, `rate`, `status`, `created_at`, `updated_at`, `brand_id`, `category_id`, `type_id`) 
VALUES (4, 'Robe d\'été', 'Robe légère et confortable', 'assets/images/manteau2.jpg', 60.00, 5, 1, '2024-12-11 10:30:00', NULL, 4, 2, 4);
INSERT INTO `product` (`id`, `name`, `description`, `picture`, `price`, `rate`, `status`, `created_at`, `updated_at`, `brand_id`, `category_id`, `type_id`) 
VALUES (5, 'Pull en laine', 'Pull doux et confortable en laine', 'assets/images/manteau2.jpg', 50.00, 4, 1, '2024-12-11 10:30:00', NULL, 5, 2, 5);
INSERT INTO `product` (`id`, `name`, `description`, `picture`, `price`, `rate`, `status`, `created_at`, `updated_at`, `brand_id`, `category_id`, `type_id`) 
VALUES (6, 'T-shirt chic', 'T-shirt élégant pour sorties', 'assets/images/manteau2.jpg', 35.00, 4, 1, '2024-12-11 10:30:00', NULL, 6, 2, 1);
INSERT INTO `product` (`id`, `name`, `description`, `picture`, `price`, `rate`, `status`, `created_at`, `updated_at`, `brand_id`, `category_id`, `type_id`) 
VALUES (12, 'Jupe plissée', 'Jupe élégante et féminine', 'assets/images/manteau2.jpg', 45.00, 5, 1, '2024-12-11 11:30:00', NULL, 1, 2, 4);
INSERT INTO `product` (`id`, `name`, `description`, `picture`, `price`, `rate`, `status`, `created_at`, `updated_at`, `brand_id`, `category_id`, `type_id`) 
VALUES (13, 'Pantalon large', 'Pantalon confortable pour femmes', 'assets/images/manteau2.jpg', 55.00, 4, 1, '2024-12-11 11:35:00', NULL, 3, 2, 2);
INSERT INTO `product` (`id`, `name`, `description`, `picture`, `price`, `rate`, `status`, `created_at`, `updated_at`, `brand_id`, `category_id`, `type_id`) 
VALUES (14, 'Blouse légère', 'Blouse idéale pour le printemps', 'assets/images/manteau2.jpg', 40.00, 4, 1, '2024-12-11 11:40:00', NULL, 4, 2, 1);
INSERT INTO `product` (`id`, `name`, `description`, `picture`, `price`, `rate`, `status`, `created_at`, `updated_at`, `brand_id`, `category_id`, `type_id`) 
VALUES (15, 'Manteau long', 'Manteau élégant pour l’hiver', 'assets/images/manteau2.jpg', 150.00, 5, 1, '2024-12-11 11:45:00', NULL, 2, 2, 3);
INSERT INTO `product` (`id`, `name`, `description`, `picture`, `price`, `rate`, `status`, `created_at`, `updated_at`, `brand_id`, `category_id`, `type_id`) 
VALUES (16, 'Tunique bohème', 'Tunique ample et stylée', 'assets/images/manteau2.jpg', 60.00, 5, 1, '2024-12-11 11:50:00', NULL, 5, 2, 1);

COMMIT;
